Ingredient,Count
2% evaporated milk,36
2% milk,72
35% cream,62
7-up soda,78
9" unbaked pie shell,48
98% cream of chicken soup,42
accent seasoning,198
acorn squash,299
active dry yeast,2276
adobo sauce,258
adobo seasoning,194
adzuki beans,34
agave nectar,285
agave syrup,55
aged cheddar cheese,46
albacore tuna,80
albacore tuna in water,61
ale,61
alfalfa sprout,146
alfredo sauce,411
all-bran cereal,156
all-purpose flour,25043
all-purpose greek seasoning,115
all-purpose white flour,94
allspice,1625
allspice berries,107
allspice berry,36
almond butter,112
almond essence,50
almond extract,2327
almond flavoring,103
almond flour,178
almond liqueur,40
almond meal,159
almond milk,213
almond paste,151
almonds,3192
alum,42
aluminum foil,238
amaretti cookies,31
amaretto,397
amaretto liqueur,137
amarula cream liqueur,90
american cheese,871
anaheim chili,46
ancho chilies,49
anchovies,106
anchovies packed in oil,32
anchovy fillets,359
anchovy paste,159
andouille sausage,249
angel food cake,257
angel hair pasta,564
angostura bitters,66
anise,31
anise extract,48
anise seed,247
anjou pear,40
apple,1700
apple butter,162
apple cider,758
apple cider vinegar,1623
apple jelly,115
apple juice,1221
apple juice concentrate,72
apple pie filling,230
apple pie spice,117
applesauce,2246
apricot brandy,67
apricot halves,54
apricot jam,315
apricot nectar,150
apricot preserves,465
apricots,236
arborio rice,472
arrowroot,130
artichoke hearts,1045
artichokes,207
artificial sweetener,280
arugula,395
arugula leaf,36
arugula leaves,64
asafoetida powder,135
asiago cheese,481
asian (toasted) sesame oil,40
asian chili sauce,61
asparagus,2222
aubergines,78
avocados,3308
baby arugula,96
baby back ribs,73
baby bok choy,104
baby carrots,1071
baby clams,56
baby corn,154
baby greens,55
baby onions,32
baby peas,33
baby portabella mushrooms,145
baby potatoes,100
baby red potatoes,90
baby shrimp,234
baby spinach,996
baby spinach leaves,617
bacon,8329
bacon bits,458
bacon drippings,224
bacon fat,101
bacon grease,164
bagel,31
baguette,354
baked beans,333
baked beans with pork,32
baked corn tortilla chips,53
baking chocolate,233
baking cocoa,318
baking mix,232
baking potato,146
baking powder,20245
baking soda,16492
balsamic vinegar,4467
bamboo shoots,288
bamboo skewers,135
banana extract,41
banana liqueur,95
banana peppers,114
banana pudding mix,44
bananas,5783
barbecue sauce,1882
barbecue seasoning,34
barley,382
barley flour,34
bartlett pears,78
basil,2752
basil leaves,1024
basil pesto,240
basil sprig,60
basmati rice,629
bay leaf,3708
bay leaves,2958
bay scallops,156
bean flour,34
bean sprouts,649
beans,226
beau monde seasoning,34
bechamel sauce,32
beef,709
beef base,94
beef bones,32
beef bouillon,407
beef bouillon cubes,654
beef bouillon granules,263
beef bouillon powder,63
beef brisket,324
beef broth,2856
beef chuck,137
beef chuck roast,234
beef consomme,176
beef cube steaks,50
beef eye round,47
beef flank steak,109
beef gravy,190
beef hot dogs,46
beef liver,44
beef mince,72
beef roast,432
beef round steak,148
beef shank,34
beef short ribs,162
beef sirloin,149
beef sirloin steak,76
beef steaks,109
beef stew meat,458
beef stock,1094
beef t-bone steaks,44
beef tenderloin,326
beef top round steak,62
beef top sirloin steak,125
beef-flavor ramen noodles,36
beefsteak tomatoes,94
beer,1518
beet,122
beetroots,99
belgian endive,82
bell pepper,2249
bermuda onion,37
berries,308
bibb lettuce,96
bicarbonate of soda,267
bing cherries,32
birds eye chiles,42
biscuit baking mix,36
biscuit dough,95
biscuit mix,210
biscuits,425
bisquick,444
bisquick baking mix,355
bitters,35
bittersweet chocolate,813
black bean sauce,56
black beans,3134
black cardamom pods,57
black coffee,61
black forest ham,56
black mustard seeds,174
black olives,2613
black pepper,14639
black sesame seed,121
black tea,68
black tea bags,46
black vinegar,36
black walnut,42
black-eyed peas,319
blackberries,157
blackberry,137
blackening seasoning,42
blackstrap molasses,68
blanched almond,376
blanched slivered almonds,137
bleu cheese salad dressing,62
blood orange juice,41
blood oranges,45
blue cheese,1336
blue cheese dressing,116
blue curacao,170
blue food coloring,46
blueberries,2271
blueberry pie filling,89
boboli pizza crusts,40
bocconcini,47
boiled potatoes,36
boiling potatoes,102
boiling water,3011
bok choy,328
bologna,58
bone-in chicken breast halves,52
bosc pears,90
boston lettuce,86
bottle italian-style salad dressing,42
bouillon,49
bouillon cubes,117
bouquet garni,73
bourbon,538
bourbon whiskey,68
boursin cheese,59
bow tie pasta,363
braggs liquid aminos,109
bran flakes,63
brandy,1034
bratwursts,149
brazil nut,49
bread,2127
bread dough,36
bread flour,1564
bread machine yeast,257
breadcrumbs,3063
breadstick,50
breadstick dough,59
breakfast sausage,197
brewed coffee,417
brewed espresso,90
brie cheese,379
brie round,50
brine,39
brioche bread,44
broccoli,3052
broccoli coleslaw mix,47
broccoli rabe,49
broccoli slaw mix,47
broccoli stems,47
broiler-fryer chickens,187
broth,209
brown basmati rice,49
brown button mushrooms,36
brown gravy mix,152
brown lentils,146
brown mustard,134
brown mustard seeds,57
brown onion,219
brown rice,872
brown rice flour,154
brown rice syrup,46
brown sugar,21059
brown sugar substitute,45
brownie mix,192
browning sauce,65
brussels sprouts,550
buckwheat flour,136
buckwheat groats,36
buffalo wing sauce,87
bulb of garlic,103
bulgar wheat,123
bulgur,162
bulk italian sausage,160
bulk pork sausage,239
bulk sausage,98
burgundy wine,162
burrito-size flour tortillas,89
butter,73979
butter beans,201
butter flavor crisco,109
butter flavor extract,36
butter flavor shortening,113
butter flavoring,56
butter lettuce,84
butter recipe cake mix,78
butter spread,140
butter-flavored cooking spray,173
butter-flavored crackers,92
butter-flavored shortening,44
buttered bread crumb,45
butterfinger candy bars,42
buttermilk,4796
buttermilk baking mix,62
buttermilk biscuits,265
butternut pumpkin,47
butternut squash,1011
butterscotch chips,532
butterscotch pudding mix,116
butterscotch schnapps,119
buttery crackers,57
buttery round crackers,53
button mushrooms,990
cabbage,2419
cabernet sauvignon wine,60
caesar salad dressing,169
cajun seasoning,899
cajun spices,62
cake,59
cake flour,920
cake mix,138
calvados,59
camembert cheese,58
campari,33
canadian bacon,215
candied cherries,37
candied cherry,64
candied fruit,47
candied ginger,150
candied orange peel,53
candied pineapple,45
candied red cherries,47
candy,35
candy cane,83
candy corn,73
candy sprinkles,192
cannellini,56
cannellini beans,677
canning salt,73
canola oil,4830
canola oil cooking spray,38
canola oil for frying,34
cantaloupe,328
capellini,38
caper,41
capsicum,38
caramel candies,37
caramel ice cream topping,231
caramel sauce,137
caramel syrup,56
caramel topping,138
caramels,269
caraway seed,966
carbonated lemon-lime beverage,233
cardamom,458
cardamom pods,324
cardamom powder,95
cardamom seed,116
caribbean jerk seasoning,39
carnation evaporated milk,53
carob powder,69
carrots,15656
carton chicken broth,39
cashew halves,37
cashew nuts,148
cashew pieces,46
cashews,730
caster sugar,1218
catalina dressing,106
catfish fillets,192
catsup,649
cauliflower,1437
cauliflower florets,411
cavatappi pasta,62
cayenne,1859
cayenne pepper,7714
cayenne pepper sauce,53
cayenne powder,127
cedar plank,33
celeriac,47
celery,11185
celery heart,43
celery leaves,233
celery ribs,2701
celery root,63
celery salt,948
celery seed,1331
celery stalk,44
cellophane noodles,45
center-cut bacon,39
center-cut pork chops,201
cereal,118
chablis,45
challah,59
chambord raspberry liquor,128
champagne,235
champagne vinegar,119
channa dal,36
chanterelle mushrooms,34
chardonnay wine,83
chat masala,37
chayotes,37
cheddar,72
cheddar cheese,12320
cheddar cheese soup,191
cheddar-monterey jack cheese blend,37
cheerios toasted oat cereal,131
cheese,2828
cheese crackers,38
cheese ravioli,120
cheese sauce,42
cheese slices,69
cheese spread,52
cheese tortellini,245
cheese whiz,48
cheese-filled tortellini,39
cheesecloth,46
cheez whiz,65
cherries,326
cherry brandy,49
cherry gelatin,54
cherry jell-o,60
cherry juice,70
cherry peppers,39
cherry pie filling,532
cherry preserves,54
cherry tomatoes,1842
chervil,45
chestnuts,52
chevre cheese,50
chex cereal,35
chia seeds,81
chick-peas,145
chicken,2819
chicken base,134
chicken bouillon,587
chicken bouillon cubes,813
chicken bouillon granules,570
chicken bouillon powder,146
chicken breast fillets,230
chicken breast half,173
chicken breast halves,3834
chicken breast meat,70
chicken breast tenders,100
chicken breasts,10601
chicken broth,12383
chicken cutlets,125
chicken drummettes,44
chicken drumsticks,327
chicken fillets,54
chicken gravy,51
chicken leg quarters,69
chicken legs,263
chicken legs with thigh,33
chicken liver,164
chicken meat,97
chicken parts,105
chicken pieces,598
chicken sausage,53
chicken soup base,76
chicken stock,4916
chicken stock cube,139
chicken stock powder,75
chicken strips,53
chicken tenderloins,126
chicken tenders,238
chicken thigh fillets,75
chicken thighs,1803
chicken wings,736
chicken-flavor stuffing mix,82
chicken-flavored ramen noodles,82
chickpea flour,79
chickpeas,1327
chickpeas (garbanzo beans),55
chile,96
chili,447
chili beans,295
chili flakes,299
chili oil,186
chili paste,285
chili paste with garlic,80
chili pepper,392
chili pepper flakes,117
chili powder,8107
chili sauce,1109
chili seasoning mix,181
chili with beans,83
chili without beans,62
chili-garlic sauce,312
chinese cabbage,107
chinese eggs noodles,37
chinese five spice powder,320
chinese noodles,52
chinese rice wine,71
chinese wine,36
chipotle chile,153
chipotle chile in adobo,707
chipotle chile powder,41
chipotle pepper,144
chipotle peppers in adobo sauce,138
chips,43
chive onion cream cheese,79
chives,1785
chocolate,1302
chocolate bars,34
chocolate cake mix,285
chocolate candy bars,68
chocolate chip cookie dough,69
chocolate chip cookies,38
chocolate chips,2397
chocolate cookie crumbs,51
chocolate cookie pie crust,48
chocolate curls,107
chocolate drink mix,32
chocolate flavor pudding pie filling mix,32
chocolate frosting,106
chocolate fudge pudding mix,37
chocolate fudge topping,62
chocolate graham crackers,58
chocolate hazelnut spread,78
chocolate ice cream,164
chocolate liqueur,61
chocolate pudding,95
chocolate pudding mix,488
chocolate sandwich style cookies,55
chocolate shavings,155
chocolate sprinkles,77
chocolate syrup,698
chocolate wafer cookies,59
chocolate wafer crumbs,56
chocolate wafers,59
chocolate-covered coffee beans,40
chocolate-covered english toffee bars,41
chorizo sausage,519
chow mein noodles,239
chuck roast,391
chuck steaks,73
chunk light tuna,34
chunky applesauce,37
chunky peanut butter,253
chunky salsa,326
chutney,146
ciabatta,110
ciabatta rolls,45
cider,72
cider vinegar,2764
cilantro,4023
cilantro leaf,453
cilantro leaves,189
cinnamon,12655
cinnamon baking chips,54
cinnamon raisin bread,61
cinnamon stick,1908
cinnamon sugar,215
cinnamon-sugar mixture,58
cinnamon-swirl bread,31
citric acid,40
citrus-infused vodka,42
clam juice,279
clamato juice,32
clams,388
clarified butter,149
clear honey,123
clove,1152
club soda,408
coarse black pepper,202
coarse grain mustard,217
coarse salt,1142
coarse sea salt,220
coarse sugar,69
coca-cola,108
cocktail franks,41
cocoa,2316
cocoa powder,3263
coconut,2367
coconut cream,242
coconut cream pudding mix,40
coconut extract,262
coconut flakes,140
coconut flour,103
coconut milk,2210
coconut oil,430
coconut rum,211
cod,133
cod fillets,69
cod fish fillets,235
coffee,933
coffee beans,62
coffee creamer,56
coffee crystals,57
coffee granules,361
coffee ice cream,75
coffee liqueur,168
coffee powder,129
coffee-flavored liqueur,78
cognac,278
cointreau liqueur,193
coke,74
cola,108
colby,31
colby cheese,161
colby-jack cheese,31
colby-monterey jack cheese,389
coleslaw,84
coleslaw dressing,45
coleslaw mix,301
collard greens,167
colored crystal sugar,46
colored sprinkles,49
condensed beef broth,99
condensed cheddar cheese soup,162
condensed chicken broth,88
condensed cream of celery soup,226
condensed cream of chicken soup,643
condensed cream of mushroom soup,878
condensed cream of potato soup,69
condensed french onion soup,70
condensed golden mushroom soup,168
condensed milk,309
condensed tomato soup,440
confectioners' sugar,4270
consomme,43
converted rice,64
cooked bacon,628
cooked basmati rice,72
cooked beef,76
cooked brown rice,470
cooked chicken,3021
cooked couscous,36
cooked crabmeat,35
cooked eggs noodles,69
cooked elbow macaroni,53
cooked ham,984
cooked jasmine rice,44
cooked lentils,42
cooked long-grain rice,134
cooked macaroni,72
cooked noodles,82
cooked pasta,163
cooked pork,72
cooked pumpkin,45
cooked quinoa,56
cooked rice,1661
cooked shrimp,337
cooked spaghetti,102
cooked turkey,464
cooked turkey breast,51
cooked white rice,386
cooked wild rice,76
cookies,82
cooking apples,236
cooking oil,1465
cooking onion,41
cooking sherry,152
cooking spray,2910
cooking wine,38
cool whip,1474
cool whip free,82
cool whip lite,120
cool whip topping,146
coriander,1068
coriander leaves,377
coriander powder,361
coriander seed,551
coriander sprig,32
corkscrew macaroni,54
corn,1695
corn chex,93
corn chips,231
corn flake crumbs,188
corn flakes,628
corn flakes cereal,136
corn husks,35
corn kernels,338
corn muffin mix,122
corn niblets,85
corn oil,493
corn on the cob,109
corn syrup,756
corn tortilla chips,96
corn tortillas,1257
cornbread,144
cornbread mix,122
cornbread stuffing mix,80
corned beef,262
corned beef brisket,101
cornflour,699
cornichons,42
cornish hens,108
cornmeal,1774
cornstarch,8634
cotija cheese,80
cottage cheese,1216
country bread,66
country ham,35
country-style pork ribs,186
courgettes,123
couscous,759
crab,92
crabmeat,855
cracker,385
cracker crumb,206
cranberries,640
cranberry juice,633
cranberry juice cocktail,133
cranberry sauce,228
crawfish,37
crawfish tails,73
cream,2160
cream cheese,12082
cream cheese frosting,82
cream cheese spread,59
cream cheese with chives,37
cream cheese with garlic herbs,40
cream of broccoli soup,40
cream of celery soup,496
cream of chicken soup,1736
cream of coconut,186
cream of mushroom soup,2490
cream of onion soup,32
cream of potato soup,91
cream of shrimp soup,41
cream of tartar,1261
cream of wheat,37
cream sherry,63
cream-filled chocolate sandwich cookies,41
cream-style corn,478
cream-style cottage cheese,79
creamed corn,440
creamed horseradish,47
creamy peanut butter,1017
creamy salad dressing,68
creme de banane,44
creme de cacao,166
creme de cassis,38
creme de menthe,64
creme fraiche,468
cremini mushrooms,414
creole mustard,105
creole seasoning,455
crepes,63
crescent dinner rolls,559
crescent roll dough,154
crescent rolls,357
crisco,249
crisco shortening,154
crisp bacon,60
crispix cereal,52
crispy rice cereal,317
croissants,64
crookneck yellow squash,42
crouton,354
crunchy peanut butter,313
crushed buttery round crackers,47
crushed dried rosemary,65
crushed pineapple,1843
crushed red pepper flakes,3448
crushed saltine crackers,48
crushed tomatoes,1463
crusty bread,173
crusty italian bread,38
crystallized ginger,342
cubanelle pepper,32
cube steaks,124
cucumber,3301
cumin,4359
cumin powder,407
cumin seed,1268
curd cottage cheese,243
currant jelly,40
currants,365
curry,143
curry leaf,40
curry leaves,220
curry paste,187
curry powder,3437
cut green beans,157
daikon radish,48
dark beer,168
dark brown sugar,1851
dark chocolate,872
dark cocoa,46
dark corn syrup,240
dark creme de cacao,54
dark molasses,206
dark raisin,134
dark red kidney beans,211
dark rum,692
dark sesame oil,425
dark soy sauce,339
dashi,43
dates,1188
day-old french bread,41
day-old white bread,39
decorative candies,45
decorator sugar,37
deep dish pie shells,148
dehydrated onion,41
delete,334
deli corned beef,42
deli ham,337
deli roast beef,105
deli turkey,140
demerara sugar,105
desiccated coconut,280
devil's food cake mix,272
diced carrots,93
diced celery,149
diced cooked ham,72
diced fire-roasted tomatoes,68
diced green bell pepper,78
diced green chiles,65
diced green chilis,205
diced ham,39
diced jalapeno peppers,32
diced onion,721
diced pimentos,174
diced potatoes with onion,73
diced red bell pepper,75
diced red onion,72
diced rhubarb,34
diced tomato,391
digestive biscuits,34
dijon mustard,6118
dijon-style mustard,381
dill,1497
dill pickle relish,91
dill pickles,606
dill relish,52
dill seed,157
dinner rolls,79
distilled white vinegar,570
ditalini,65
doritos,38
double cream,292
double crust pie crust,67
double-acting baking powder,81
double-crust 9-inch pie,40
dr. pepper cola,39
dream whip,58
dried ancho chile powder,197
dried ancho chiles,82
dried apple,107
dried apricot,1028
dried apricot halves,49
dried basil,4140
dried basil leaves,314
dried bay leaf,33
dried bay leaves,46
dried beans,35
dried beef,98
dried black beans,120
dried black-eyed peas,60
dried blueberries,67
dried breadcrumbs,302
dried brown lentils,48
dried celery flakes,47
dried cherries,355
dried chili,72
dried chili pepper flakes,283
dried chinese mushrooms,40
dried chipotle chiles,44
dried chipotle powder,207
dried chives,169
dried cilantro,207
dried coconut,142
dried coriander,57
dried cranberries,1539
dried currant,225
dried dates,52
dried dill,1034
dried fenugreek leaves,34
dried figs,184
dried fruit,204
dried garbanzo beans,74
dried garlic,74
dried ginger,52
dried great northern beans,67
dried herbs,150
dried hot pepper,31
dried hot red chili peppers,48
dried italian seasoning,547
dried kidney beans,33
dried lavender,70
dried leaf thyme,32
dried lentils,171
dried lima beans,40
dried mango,33
dried marjoram,682
dried mexican oregano,69
dried mint,234
dried mushroom,65
dried mustard,105
dried navy beans,112
dried onion,351
dried onion flakes,708
dried orange peel,44
dried oregano,6262
dried oregano leaves,372
dried parsley,1885
dried parsley flakes,524
dried pineapple,41
dried pinto beans,134
dried porcini mushrooms,120
dried prune,33
dried red beans,50
dried red chili,53
dried red chili pepper,114
dried red kidney beans,33
dried red lentils,53
dried red pepper,45
dried red pepper flakes,218
dried rice noodles,37
dried rosemary,1455
dried rosemary leaves,98
dried rubbed sage,61
dried sage,691
dried savory,87
dried shiitake mushrooms,102
dried shrimp,35
dried split peas,109
dried sweet basil leaves,42
dried sweetened cranberries,234
dried tarragon,602
dried tarragon leaves,47
dried tart cherry,57
dried thyme,4264
dried thyme leaves,469
dried tomatoe,38
dried white bean,41
dried yeast,88
drippings,59
dry basil,106
dry bread,37
dry bread cubes,33
dry bread stuffing mix,35
dry breadcrumbs,1397
dry buttermilk,70
dry crushed red pepper,148
dry fettuccine pasta,46
dry italian-style salad dressing mix,33
dry lentils,140
dry marsala wine,39
dry milk,175
dry milk powder,72
dry mustard,3068
dry mustard powder,67
dry onion soup mix,638
dry oregano,104
dry pasta,104
dry pectin,89
dry penne pasta,107
dry pinto beans,61
dry potato flakes,31
dry ranch dressing mix,133
dry red wine,1060
dry roasted peanuts,376
dry rub seasonings,32
dry sherry,1315
dry vermouth,208
dry white wine,3473
dry yeast,625
dry-macadamia nuts,75
duck,57
duck breasts,62
dulce de leche,33
dungeness crabs,35
dutch-processed cocoa powder,170
eagle brand condensed milk,85
ears corn,55
ears fresh corn,40
ears of corn,97
edam cheese,37
edamame,125
eggs,66336
eggs beaten,34
eggs noodles,1063
eggs roll wraps,156
eggs substitute,938
eggs wash,33
eggs yolks,32
eggsnog,207
eggsplant,1650
elbow macaroni,1271
emeril's original essence,79
emmenthaler cheese,65
enchilada sauce,384
endive,41
english cucumber,404
english muffins,364
english mustard,61
english toffee bits,46
envelope active dry yeast,41
envelope dry onion soup mix,76
equal sugar substitute,71
escarole,95
espresso,228
espresso coffee,57
espresso coffee powder,35
espresso powder,232
evaporated milk,2797
evaporated skim milk,209
extra firm tofu,338
extra virgin olive oil,8531
extra-sharp cheddar cheese,315
extract,37
fajita seasoning mix,120
family-size tea bags,46
farfalle (bow tie) pasta,67
farfalle pasta,164
farina,35
farmer cheese,47
fast rise yeast,114
fast rising yeast,190
fast-rising active dry yeast,55
fat,120
fava beans,69
fennel,159
fennel bulb,363
fennel seed,815
fenugreek seeds,162
feta,362
feta cheese,3019
fettuccine,358
fettuccine pasta,281
fiber one cereal,64
figs,88
file powder,56
filet mignon,49
filet mignon steaks,54
filet of beef,69
fine breadcrumbs,183
fine dry breadcrumb,341
fine eggs noodles,40
fine salt,86
fine sea salt,202
fine sugar,39
fingerling potatoes,56
fire-roasted tomatoes,79
firm bananas,82
firm ripe tomatoes,42
firm silken tofu,65
firm tofu,602
firmly packed brown sugar,64
fish,137
fish fillets,386
fish sauce,1465
fish stock,149
five-spice powder,257
flaked coconut,1217
flaked sea salt,66
flank steaks,560
flat bread,49
flat iron steaks,47
flat leaf parsley,1362
flat-leaf italian parsley,144
flavoring,37
flax seed,391
flax seed meal,294
flax seed oil,63
flounder fillets,117
flour,26620
flour tortillas,2429
floury potatoes,37
focaccia bread,84
fontina,64
fontina cheese,273
food coloring,276
four-cheese mexican blend cheese,56
frangelico,134
frank's red hot sauce,134
frankfurters,57
french baguette,285
french bread,1152
french bread dough,32
french dressing,144
french fries,34
french haricots vert,48
french mustard,54
french onion dip,51
french onion soup,175
french rolls,107
french style green beans,157
french vanilla cake mix,36
french vanilla ice cream,32
french vanilla pudding,67
french's french fried onions,55
french-fried onions,401
fresh,69
fresh basil,4916
fresh basil leaves,891
fresh bay leaves,53
fresh bean sprouts,142
fresh black pepper,172
fresh blackberries,182
fresh breadcrumb,721
fresh broccoli,275
fresh carrot,93
fresh cherries,58
fresh chervil,32
fresh chili pepper,104
fresh chives,1644
fresh cilantro,5968
fresh coconut,58
fresh coriander,660
fresh coriander leaves,219
fresh corn,194
fresh corn kernels,222
fresh crabmeat,94
fresh cranberries,645
fresh cream,65
fresh curly-leaf parsley,36
fresh dill,1829
fresh edible flower,44
fresh fettuccine,39
fresh figs,96
fresh flat-leaf parsley,498
fresh fruit,209
fresh garlic,1012
fresh garlic cloves,462
fresh ginger,4575
fresh ginger root,1165
fresh goat cheese,86
fresh green beans,795
fresh green chile,94
fresh ground black pepper,7243
fresh ground pepper,3226
fresh ground white pepper,125
fresh herb,290
fresh horseradish,39
fresh italian parsley,413
fresh jalapeno pepper,160
fresh jalapenos,194
fresh kale,38
fresh lemon juice,5765
fresh lemon zest,139
fresh lemongrass,79
fresh lime juice,2571
fresh lime leaves,35
fresh lump crabmeat,44
fresh mango,86
fresh marjoram,145
fresh mint,107
fresh mint leaves,715
fresh mozzarella,390
fresh mussels,47
fresh okra,69
fresh onion,63
fresh oregano,1111
fresh parmesan cheese,413
fresh parsley,9156
fresh parsley leaves,614
fresh peach,43
fresh peas,144
fresh pepper,180
fresh pineapple,421
fresh pineapple chunks,66
fresh pumpkin,62
fresh red chile pepper,47
fresh rhubarb,119
fresh rosemary,2356
fresh sage,804
fresh sage leaf,82
fresh shrimp,160
fresh snow peas,75
fresh spearmint,33
fresh spinach,1400
fresh tarragon,595
fresh thyme,3311
fresh tomato,310
fresh vegetables,84
fresh white breadcrumbs,95
fresh yeast,37
fresh zucchini,41
fried onions,48
frisee,32
fritos corn chips,99
frosting,131
frozen apple juice concentrate,85
frozen artichoke hearts,95
frozen baby lima beans,38
frozen baby peas,117
frozen blackberries,68
frozen blueberries,303
frozen bread dough,107
frozen broccoli,882
frozen brussels sprouts,44
frozen carrots,51
frozen cauliflower,51
frozen cheese tortellini,48
frozen cherries,32
frozen corn,994
frozen corn kernels,368
frozen cranberries,52
frozen cut green beans,109
frozen cut okra,34
frozen dinner rolls,37
frozen edamame,39
frozen french fries,60
frozen french-cut green beans,32
frozen fruit,36
frozen green beans,197
frozen green peas,440
frozen hash brown potatoes,521
frozen hash browns,36
frozen lemonade,87
frozen lemonade concentrate,205
frozen light whipped dessert topping,33
frozen lima beans,64
frozen limeade concentrate,156
frozen meatballs,76
frozen mixed berries,92
frozen mixed vegetables,571
frozen non-dairy topping,38
frozen okra,71
frozen orange juice,94
frozen orange juice concentrate,426
frozen peaches,77
frozen pearl onions,55
frozen peas,1727
frozen peas carrots,145
frozen pie crusts,53
frozen pink lemonade concentrate,55
frozen puff pastry,366
frozen raspberries,393
frozen shrimp,47
frozen southern style hash brown potatoes,55
frozen spinach,2277
frozen strawberries,53
frozen sweet corn,40
frozen sweet peas,39
frozen sweetened strawberries,36
frozen tater tots,103
frozen vegetables,93
frozen whipped topping,562
frozen whole kernel corn,187
fruit,263
fruit cocktail,159
fruit juice,60
fruit pectin,34
fruit preserves,38
fryer,37
fryer chickens,47
frying chicken,124
fudge brownie mix,92
fudge cake mix,44
fudge sauce,36
fuji apple,60
full-fat milk,45
fully cooked ham,38
fusilli,134
gala apples,83
galangal,66
galliano,39
garam masala,937
garam masala powder,103
garbanzo beans,764
garlic,27270
garlic bread,32
garlic butter,43
garlic cloves,35514
garlic granules,195
garlic heads,40
garlic herb seasoning,40
garlic herb spreadable cheese,34
garlic oil,41
garlic paste,216
garlic pepper seasoning,131
garlic powder,13147
garlic salt,3185
garlic salt to taste,46
garlic-flavored croutons,60
gelatin,234
gelatin powder,61
genoa salami,91
german chocolate cake mix,93
ghee,395
gherkins,75
gin,222
ginger,3865
ginger ale,433
ginger beer,36
ginger juice,40
ginger paste,191
ginger powder,234
ginger-garlic paste,120
gingerroot,1428
gingersnap cookies,91
gingersnap crumbs,35
gingersnaps,79
glace cherries,92
glaze,56
gluten,81
gluten free baking powder,49
gnocchi,98
goat cheese,854
gold medal all-purpose flour,36
gold tequila,45
golden brown sugar,168
golden delicious apples,200
golden raisin,978
golden syrup,313
good seasonings italian salad dressing mix,57
gorgonzola,373
gorgonzola cheese,55
gouda cheese,211
graham cracker crust,141
graham crackers,2111
graham wafer crumbs,53
grain rice,42
grainy mustard,196
gram flour,49
grand marnier,386
grands buttermilk biscuits,55
granny smith apples,1278
granola cereal,197
granulated garlic,248
granulated onion,44
granulated sugar,6314
grape jelly,125
grape juice,82
grape leaves,50
grape tomatoes,617
grape-nuts cereal,53
grapefruit,132
grapefruit juice,218
grapes,179
grapeseed oil,211
grated asiago cheese,34
grated carrots,83
grated cheddar cheese,42
grated lime zest,43
grated onion,40
grated romano cheese,109
gravy,85
great northern beans,391
greek oregano,37
greek yogurt,592
green apple,183
green beans,1684
green bell pepper,5676
green cabbage,635
green capsicum,108
green cardamom pods,100
green cardamoms,78
green chili,355
green chili peppers,631
green chili salsa,73
green creme de menthe,43
green curry paste,111
green enchilada sauce,125
green food coloring,348
green grape,113
green leaf lettuce,87
green lentils,119
green olives,730
green onion top,131
green onions,13345
green peas,316
green pepper,5229
green peppercorn,85
green plantains,40
green seedless grape,139
green tea,44
green tea bags,42
green zucchini,47
greens,119
grenadine,407
grey poupon dijon mustard,45
grill seasoning,34
grilled chicken breasts,82
grits,180
ground allspice,1633
ground almonds,382
ground aniseed,33
ground beef,7099
ground beef chuck,34
ground black pepper,9982
ground buffalo meat,32
ground cardamom,973
ground cayenne pepper,636
ground celery seed,36
ground chicken,475
ground chicken breast,36
ground chipotle chile pepper,48
ground chuck,513
ground cinnamon,9925
ground cloves,2891
ground coffee,92
ground coriander,2358
ground cumin,7579
ground dry mustard,37
ground fennel,95
ground fenugreek,47
ground flax seeds,350
ground ginger,4421
ground ham,32
ground hazelnuts,45
ground lamb,374
ground lean pork,190
ground mace,204
ground marjoram,34
ground meat,76
ground mustard,500
ground nutmeg,4220
ground oregano,140
ground paprika,189
ground pecans,68
ground pepper,1083
ground pork,1082
ground pork sausage,60
ground red pepper,987
ground rosemary,52
ground round,194
ground sage,280
ground sausage,126
ground sirloin,234
ground sumac,49
ground thyme,307
ground turkey,1210
ground turkey breast,172
ground turmeric,1094
ground veal,157
ground venison,83
ground walnuts,102
ground white pepper,253
grouper fillets,35
gruyere,174
gruyere cheese,612
guacamole,331
guar gum,53
guava juice,33
guinness stout,124
gumdrop,43
gummy worms,32
habanero pepper,276
habaneros,47
haddock,39
haddock fillets,72
half-and-half,2748
half-and-half cream,1021
halibut,70
halibut fillets,179
halibut steaks,93
halloumi cheese,70
ham,1865
ham bone,108
ham hock,132
ham slices,42
ham steak,109
hamburger,591
hamburger buns,1039
hamburger meat,75
hard rolls,34
hard salami,74
hard-boiled eggs,1772
harissa,156
hash brown potatoes,94
hash browns,223
havarti cheese,128
hazelnut-flavored liqueur,36
hazelnuts,468
hearts of palm,67
heath candy bars,58
heavy cream,6070
heavy whipping cream,1543
heirloom tomatoes,32
herb seasoned stuffing mix,124
herb stuffing mix,52
herbes de provence,305
herbs,227
hershey bars,37
hershey chocolate kisses,113
hersheys chocolate syrup,51
hickory chips,32
hickory flavored barbecue sauce,39
hidden valley ranch dressing mix,115
hoagie rolls,191
hoisin sauce,955
hokkien noodles,33
homemade chicken stock,34
hominy,112
honey,11115
honey dijon mustard,55
honey graham crackers,37
honey mustard,275
honey mustard dressing,47
honey roasted peanuts,53
honey-roasted ham,41
honeydew melon,131
horseradish,1414
horseradish cream,36
horseradish mustard,31
horseradish sauce,98
hot chicken broth,42
hot chicken stock,48
hot chili oil,76
hot chili paste,48
hot chili pepper,73
hot chili powder,60
hot chili sauce,132
hot chocolate powder,56
hot cocoa,36
hot cocoa mix,41
hot coffee,137
hot dog buns,210
hot dogs,433
hot freshly brewed dark roast espresso coffee,303
hot fudge,48
hot fudge topping,31
hot green chili pepper,69
hot italian sausage,275
hot italian sausage links,53
hot mustard,41
hot paprika,117
hot pepper,237
hot pepper flakes,203
hot pepper sauce,1877
hot red chili peppers,50
hot red pepper,65
hot red pepper flakes,201
hot red pepper sauce,73
hot salsa,73
hot sauce,2326
hot sausage,63
hummus,127
hungarian paprika,167
ice,2289
ice cream,226
ice cubes,916
iceberg lettuce,629
icing,108
icing sugar,1252
idaho potatoes,145
imitation crabmeat,285
individually wrapped caramels,44
irish cream,418
irish whiskey,126
israeli couscous,40
italian bread,455
italian breadcrumbs,195
italian cheese,32
italian cheese blend,202
italian dressing,538
italian flat leaf parsley,39
italian herb seasoning,104
italian parsley,447
italian plum tomatoes,143
italian rolls,37
italian salad dressing,484
italian salad dressing mix,194
italian sausage,779
italian seasoned breadcrumbs,639
italian seasoning,2479
italian spices,131
italian stewed tomatoes,57
italian style breadcrumbs,156
italian tomatoes,135
italian turkey sausage,55
italian-style diced tomatoes,166
italian-style salad dressing,63
italian-style seasoning,31
italian-style stewed tomatoes,82
italian-style tomatoes,79
jack daniels whiskey,77
jalapeno,1911
jalapeno chile,258
jalapeno jack cheese,64
jalapeno jelly,64
jalapeno juice,57
jalapeno pepper,2966
jalapeno slices,43
jam,214
jamaican jerk spice,46
japanese eggsplants,88
japanese soy sauce,37
jarlsberg cheese,76
jasmine rice,240
jellied cranberry sauce,129
jello,42
jello gelatin,115
jelly,89
jelly beans,33
jicama,215
jiffy corn muffin mix,87
jiffy cornbread mix,67
jimmy dean sausage,44
juice,125
jumbo eggs,33
jumbo pasta shells,159
jumbo shrimp,184
juniper berries,102
kaffir lime leaves,171
kahlua,565
kaiser rolls,210
kalamata olive,1101
kale,446
kale leaves,37
karo syrup,59
kernel corn,618
ketchup,4747
ketjap manis,65
key lime juice,174
key limes,38
kidney beans,1447
kielbasa,384
kielbasa sausage,70
king prawns,48
kirsch,74
kitchen bouquet,102
kiwi,173
kiwi fruits,287
knorr vegetable soup mix,36
kohlrabi,35
kosher dill pickles,42
kosher salt,6188
kosher salt black pepper,177
kraft macaroni cheese,50
kumara,57
kumquats,41
ladyfingers,119
lager beer,73
lamb,229
lamb chops,128
lamb loin chops,62
lamb shanks,131
lamb shoulder,87
lamb stew meat,46
lard,374
lasagna noodles,738
lasagna sheets,43
lavender,56
lavender flowers,71
lawry's seasoned salt,195
lea perrins worcestershire sauce,39
lean bacon,120
lean beef,107
lean ground beef,3722
lean ground chuck,42
lean ground lamb,66
lean ground sirloin,35
lean ground turkey,297
lean ham,84
lean hamburger,70
lean lamb,36
lean pork,159
lean pork loin,32
lean stewing beef,71
lebanese cucumber,71
leek,808
leg of lamb,221
lemon cake mix,139
lemon curd,102
lemon extract,498
lemon gelatin,88
lemon jell-o gelatin,114
lemon juice,15898
lemon juice concentrate,34
lemon peel,791
lemon pepper,751
lemon pepper seasoning,326
lemon pie filling,34
lemon pudding,64
lemon pudding mix,98
lemon rind,673
lemon slice,411
lemon thyme,48
lemon twist,46
lemon yogurt,76
"lemon, juice rind of",55
lemonade,173
lemonade concentrate,45
lemonade mix,48
lemongrass,524
lemons,11744
"lemons, juice of",398
"lemons, juice zest of",66
"lemons, rind of",143
lentils,498
lettuce,1883
lettuce leaf,425
lettuce leaves,493
light beer,54
light brown sugar,3378
light butter,149
light cheddar cheese,43
light chunk tuna in water,56
light coconut milk,270
light corn syrup,1335
light cream,739
light cream cheese,392
light italian dressing,33
light karo syrup,52
light margarine,102
light mayonnaise,584
light molasses,113
light olive oil,271
light ricotta cheese,34
light rum,252
light sour cream,602
light soy sauce,819
light whipped topping,62
lima beans,156
lime,1245
lime gelatin,64
lime jell-o gelatin,96
lime juice,4304
lime juiced,65
lime peel,148
lime rind,164
lime sherbet,32
"lime, juice zest of",162
"limes, juice of",342
"limes, zest of",39
limoncello,79
linguica sausage,33
linguine,668
linguine pasta,124
lipton onion soup mix,190
liqueur,92
liquid,36
liquid eggs substitute,67
liquid honey,245
liquid pectin,99
liquid smoke,721
liquid smoke flavoring,210
lite olive oil,111
littleneck clams,53
lobster meat,56
lobster tails,65
lobsters,118
london broil beef,63
long grain brown rice,106
long grain rice,1081
long grain wild rice blend,149
long-grain white rice,659
louisiana hot sauce,140
low fat cottage cheese,334
lowfat mozzarella cheese,108
lump crabmeat,289
lychees,37
macadamia nuts,500
macaroni,579
macaroni cheese dinner mix,42
macaroni cheese mix,94
macaroni noodles,98
mace,199
madeira wine,130
madras curry powder,82
maggi seasoning,44
mahi mahi fillets,94
malibu rum,84
malt vinegar,160
malted milk powder,101
manchego cheese,97
mandarin oranges,983
mandm',47
mandm's plain chocolate candy,124
mango,774
mango chutney,236
mango juice,34
mango nectar,70
mango powder,40
manicotti,129
maple extract,148
maple flavoring,90
maple sugar,38
maple syrup,2303
maraschino cherries,470
maraschino cherry,482
maraschino cherry juice,76
margarine,6003
margarine melted,170
margarita mix,45
marinade,96
marinara sauce,569
marinated artichoke hearts,454
marjoram,576
marmalade,67
marsala,60
marsala wine,264
marshmallow creme,508
marshmallows,601
marzipan,39
masa harina,129
masa harina flour,40
mascarpone,92
mascarpone cheese,396
mashed potatoes,794
mashed sweet potatoes,117
matzo meal,156
mayonnaise,10993
mazola corn oil,32
mcintosh apples,81
meat,210
meat tenderizer,68
meatballs,192
meatless spaghetti sauce,36
melon,42
melon liqueur,40
merlot,78
mesclun,47
mexican blend cheese,549
mexican cheese,78
mexican chili powder,40
mexican chocolate,45
mexican crema,33
mexican oregano,121
mexican-style corn,76
mexican-style stewed tomatoes,53
mexican-style tomatoes,57
mexicorn,96
microwave popcorn,47
midori melon liqueur,119
mild cheddar cheese,283
mild chili powder,59
mild curry paste,37
mild curry powder,93
mild green chilies,160
mild italian sausage,129
mild paprika,42
mild salsa,116
milk,32089
milk chocolate,1127
millet,95
mincemeat,107
mineral water,39
mini chocolate chip,376
mini marshmallows,396
miniature chocolate chip,124
miniature mandm baking bits,33
miniature marshmallows,744
miniature party rye rounds,45
miniature peanut butter cups,42
miniature phyllo cups,43
miniature semisweet chocolate chips,263
mint,1802
mint extract,74
mint leaf,375
mint leaves,279
mint sprig,309
minute rice,188
minute tapioca,46
minute white rice,34
miracle whip,496
miracle whip light,56
mirin,375
mirin (japanese sweet wine),33
miso,103
mixed baby greens,104
mixed berries,52
mixed berry,34
mixed candied fruit,33
mixed dried fruit,135
mixed fresh herbs,41
mixed fruit,64
mixed greens,140
mixed herbs,152
mixed italian herbs,107
mixed mushrooms,160
mixed nuts,159
mixed peel,31
mixed salad greens,394
mixed spice,239
mixed sprouts,47
mixed vegetables,310
mochiko sweet rice flour,34
molasses,2011
monosodium glutamate (msg),42
monterey jack cheddar cheese blend,103
monterey jack cheese,2891
monterey jack pepper cheese,533
montreal brand steak seasoning,160
mortadella,37
mostaccioli pasta,47
mountain dew soda,33
mozzarella cheese,6134
mozzarella string cheese,38
mrs. dash seasoning mix,136
msg,132
muenster cheese,171
multigrain bread,56
mung bean sprouts,66
mung beans,36
mushroom caps,92
mushroom pieces,101
mushroom soup,127
mushrooms,10605
mussels,248
mustard,2798
mustard greens,49
mustard oil,32
mustard powder,822
mustard seeds,784
naan bread,42
nacho cheese flavor chips,53
nam pla,32
napa cabbage,254
natural bran,125
natural yoghurt,105
natural-style peanut butter,171
navel oranges,211
navy beans,215
nectarines,131
neufchatel cheese,218
new mexico chile powder,38
new potato,90
new york strip steaks,87
nicoise olives,44
nigella seeds,37
no-added-salt tomato paste,33
no-boil lasagna noodles,122
non-dairy coffee creamer,60
non-dairy powdered coffee creamer,55
non-dairy whipped topping,87
non-fat powdered milk,100
non-fat vanilla frozen yogurt,32
non-fat vanilla yogurt,184
nonfat beef broth,39
nonfat cottage cheese,51
nonfat dry milk powder,421
nonfat milk,883
nonfat sour cream,404
nonfat yogurt,174
nonstick cooking spray,719
noodles,460
nori,107
nutella,172
nutmeg,6464
nutritional yeast,276
nutritional yeast flakes,90
nuts,2464
oat bran,357
oat flour,125
oatmeal,1114
oats,1890
oil,10010
oil for deep frying,69
oil for frying,236
oil-cured black olive,38
okra,211
old bay seasoning,659
old cheddar cheese,105
old fashioned oats,719
oleo,115
olive,367
olive oil,38660
olive oil flavored cooking spray,306
onion,45779
onion flakes,205
onion juice,33
onion powder,4342
onion rolls,32
onion salt,504
onion soup mix,631
orange bell pepper,272
orange blossom water,81
orange extract,230
orange flower water,56
orange food coloring,39
orange gelatin,96
orange jell-o,92
orange juice,5434
orange liqueur,218
orange marmalade,660
orange rind,860
orange roughy fillets,59
orange section,50
orange sherbet,74
orange slice,167
orange wedge,37
"orange, rind of",79
orange-flavored liqueur,86
oranges,5150
"oranges, zest of",57
orecchiette,56
oregano,4253
oregano leaves,320
oreo cookie crumbs,41
oreo cookies,346
oriental sesame oil,76
orzo pasta,620
ouzo,64
oxtails,40
oyster crackers,61
oyster mushrooms,53
oyster sauce,747
oysters,186
oysters on the half shell,55
packed brown sugar,885
packed dark brown sugar,40
palm sugar,163
pam cooking spray,193
pan dripping,39
pancake mix,128
pancake syrup,33
pancetta,376
panir,52
panko breadcrumbs,800
papaya,288
pappardelle pasta,35
paprika,9085
paprika to taste,34
paraffin wax,42
parchment paper,63
parmesan cheese,17420
parmigiano,59
parmigiano-reggsiano cheese,716
parsley,7323
parsley flakes,628
parsley sprig,196
parsnips,619
part-skim mozzarella cheese,465
part-skim ricotta cheese,312
passata,43
passion fruit,46
passion fruit juice,34
pasta,1103
pasta sauce,507
pasta shells,245
pastrami,47
pastry dough,74
pastry flour,64
pastry shells,75
pea pods,58
peach,254
peach jam,33
peach juice,38
peach nectar,67
peach pie filling,41
peach preserves,100
peach schnapps,173
peach slices,123
peach yogurt,43
peaches in juice,34
peanut butter,2778
peanut butter chips,224
peanut butter cups,60
peanut oil,1760
peanut oil for frying,32
peanut sauce,44
peanuts,1194
pear,277
pear halves in natural juice,38
pearl barley,385
pearl tapioca,35
peas,705
peas carrots,42
pecan halves,761
pecan nuts,41
pecan pieces,227
pecans,6459
pecorino cheese,91
pecorino romano cheese,250
pectin,57
penne,324
penne pasta,834
penne rigate,69
pepitas,54
pepper,23766
pepper sauce,48
peppercorns,595
pepperjack cheese,121
peppermint candy,123
peppermint extract,282
peppermint schnapps,39
pepperoncini peppers,178
pepperoni,869
pepsi,35
pernod,32
persimmon pulp,34
pesto,57
pesto sauce,654
pheasants,35
philadelphia cream cheese,211
phyllo dough,272
phyllo pastry,155
phyllo pastry sheets,84
picante sauce,348
pickle,201
pickle juice,140
pickle relish,95
pickled ginger,94
pickled jalapeno pepper,308
pickling cucumbers,58
pickling salt,143
pickling spices,127
pico de gallo,99
pie crust,1811
pie dough,38
pie filling,86
pie pastry,52
pie shell,97
pimento peppers,73
pimento stuffed olive,369
pimentos,85
pimientos,637
pina colada nonalcoholic drink mix,33
pine nuts,1790
pineapple,1169
pineapple chunk,43
pineapple juice,1782
pineapple preserves,58
pineapple rings,135
pineapple slices,165
pineapple tidbits,322
pink grapefruit,105
pink peppercorns,37
pink salmon,84
pinto beans,871
pistachio nut,182
pistachio pudding mix,139
pistachios,386
pita bread,492
pita bread rounds,113
pita pockets,38
pizza cheese,33
pizza crust,382
pizza dough,387
pizza sauce,645
plain breadcrumbs,445
plain croissants,49
plain doritos,33
plain flour,1339
plain greek yogurt,37
plain nonfat yogurt,537
plain soymilk,48
plain yogurt,2950
plantains,150
plum,31
plum jam,40
plum sauce,98
plum tomato,275
poblano chiles,229
poblano peppers,258
polenta,263
polish sausage,108
pomegranate,57
pomegranate juice,195
pomegranate molasses,75
pomegranate seeds,117
popcorn,102
popped corn,46
popped popcorn,216
poppy seeds,928
pork,437
pork baby back ribs,64
pork back ribs,33
pork beans,324
pork belly,37
pork butt,151
pork chops,1710
pork cutlets,45
pork fillets,66
pork loin,438
pork loin chops,412
pork loin roast,311
pork ribs,101
pork roast,270
pork sausage,401
pork sausage links,62
pork shoulder,361
pork shoulder roast,51
pork spareribs,170
pork steaks,81
pork tenderloin,1220
porridge oats,41
port wine,254
portabella mushrooms,848
pot roast,54
potato,1665
potato chips,236
potato flakes,217
potato flour,48
potato starch,252
poultry seasoning,908
poundcake,79
powdered cocoa mix,35
powdered coffee creamer,55
powdered fruit pectin,54
powdered ginger,165
powdered milk,461
powdered saffron,41
powdered sugar,5431
prawns,339
pre-baked pizza crust,36
pre-mozzarella cheese,46
preserved lemon,72
preserves,38
pretzel sticks,135
pretzel twists,35
pretzels,316
prime rib roast,51
process american cheese,54
processed american cheese,50
processed cheese,173
processed cheese food,136
prosciutto,763
prosciutto ham,37
protein powder,75
provolone cheese,902
prune,119
pudding,42
pudding mix,120
puff pastry,330
puff pastry sheets,122
pumpernickel bread,107
pumpkin,1602
pumpkin pie filling,52
pumpkin pie spice,867
pumpkin puree,1027
pumpkin seeds,304
pure chile powder,35
pure maple syrup,505
pure olive oil,32
pure vanilla extract,1441
purple cabbage,46
purple onion,224
quaker oats,59
quark,32
quarts chicken broth,78
quarts water,211
queso fresco,167
quick oatmeal,59
quick oats,493
quinoa,657
rabbit,60
racks of baby-back pork ribs,40
racks of lamb,56
radicchio,108
radish,230
rag pasta sauce,41
raisin bran cereal,50
raisin bread,44
raisins,5274
ramen noodles,306
ranch dressing,691
ranch dressing mix,360
ranch dressing seasoning mix,96
ranch salad dressing,156
ranch style beans,117
ras el hanout spice mix,66
raspberries,1158
raspberry gelatin powder,51
raspberry jam,279
raspberry jell-o gelatin,77
raspberry liqueur,53
raspberry preserves,174
raspberry sherbet,37
raspberry vinegar,194
raspberry vodka,32
raspberry yogurt,32
ravioli,37
raw carrot,55
raw cashews,124
raw honey,62
raw peanuts,56
raw potatoes,66
raw rice,65
raw shrimp,438
raw sugar,231
ready-made pie crust,45
ready-to-bake buttermilk flaky biscuits,36
real butter,123
real maple syrup,141
real vanilla extract,42
red apple,221
red beans,140
red beets,45
red bell pepper,6728
red cabbage,446
red capsicum,366
red cayenne pepper,65
red chile,306
red chili paste,48
red chili pepper,444
red chili pepper flakes,205
red chili powder,448
red chili sauce,38
red chilies,365
red cinnamon candies,83
red currant jelly,114
red curry paste,244
red delicious apples,104
red enchilada sauce,112
red food coloring,609
red grapefruits,38
red grapes,107
red hot sauce,41
red jalapeno chiles,44
red kidney beans,650
red leaf lettuce,150
red lentil,322
red onion,7700
red pepper,2794
red pepper flakes,3318
red pepper sauce,94
red potato,80
red radish,34
red raspberries,33
red salmon,65
red seedless grapes,229
red snapper,55
red snapper fillets,148
red sweet bell pepper,104
red thai chile,34
red wine,1811
red wine vinegar,3602
red-hot candies,43
reduced sodium soy sauce,475
refried beans,843
refried black beans,33
relish,81
rhubarb,514
rib eye steaks,188
rice,2077
rice chex,107
rice flour,430
rice krispies,376
rice milk,104
rice noodles,226
rice paper,32
rice paper sheets,37
rice vermicelli,70
rice vinegar,1731
rice wine,349
rice wine vinegar,799
ricotta cheese,1939
riesling wine,47
rigatoni pasta,297
ripe olives,604
risotto rice,53
ritz cracker crumbs,41
ritz crackers,413
roast,90
roasted cashews,100
roasted garlic,188
roasted garlic cloves,41
roasted peanuts,276
roasted peppers,34
roasted red peppers,1087
roasted sunflower seeds,48
roasted sweet red peppers,42
roasting chickens,414
rock salt,59
rocket,83
roll,40
rolled oats,2190
roma (plum) tomatoes,203
roma tomato,271
romaine lettuce,1270
romaine lettuce hearts,105
romano cheese,649
root beer,70
roquefort cheese,96
rose water,241
rose wine,32
rosemary,1586
rosemary sprig,94
rotel,170
rotel tomatoes,319
rotel tomatoes chilies,161
rotelle pasta,50
rotini pasta,384
rotisserie-cooked chicken,105
round steaks,418
rubbed sage,240
ruby port,54
ruby red grapefruit juice,34
rum,904
rum extract,174
rum flavoring,39
rump roast,109
rump steak,54
russet potato,181
russian salad dressing,55
rutabaga,171
rye bread,219
rye cocktail bread,53
rye flour,263
safflower oil,143
saffron,426
saffron strands,74
saffron thread,364
sage,830
sage leaf,49
sage leaves,135
sake,297
salad dressing,227
salad greens,218
salad leaves,42
salad oil,514
salami,252
salmon,535
salmon fillets,1507
salmon steaks,172
salsa,3046
salsa verde,134
salt,98207
salt black pepper,1151
salt fresh ground pepper,452
salt pepper,26079
salt pork,122
salt substitute,55
salt water,47
salted butter,412
salted cashews,95
salted peanuts,302
saltine crackers,382
saltine crumbs,33
saltines,73
sambal oelek,154
san marzano tomatoes,32
sandwich bread,111
sandwich buns,143
sauerkraut,825
sausage,641
sausage links,62
sausage meat,45
savory,115
savoy cabbage,122
sazon goya,39
scallion top,52
scallions,3957
scallops,312
scotch bonnet pepper,130
scotch whisky,56
sea bass,33
sea bass fillets,55
sea salt,3570
sea salt ground black pepper to taste,39
sea scallops,324
seafood,39
seafood cocktail sauce,100
seafood seasoning,146
seashell pasta,54
season salt,170
season-all salt,53
seasoned bread crumbs,462
seasoned croutons,115
seasoned dry bread crumb,218
seasoned flour,77
seasoned pepper,84
seasoned rice vinegar,171
seasoned salt,306
seasoned stuffing mix,190
seasoning,665
seasoning salt,2372
seedless cucumber,125
seedless grapes,169
seedless oranges,34
seedless raisin,142
seedless raspberry jam,138
seedless raspberry preserves,49
seedless watermelon,70
seeds,38
seitan,50
self-rising cornmeal,62
self-rising flour,1817
seltzer water,85
semi-sweet chocolate,4788
semisweet baking chocolate,90
semisweet mini chocolate chips,106
semolina,119
semolina flour,77
serrano chile peppers,79
serrano chili,136
serrano peppers,314
sesame oil,3442
sesame seed oil,75
sesame seeds,2393
shallots,4521
shallots minced,87
shaoxing wine,34
sharp cheddar cheese,2970
sharp white cheddar cheese,116
shell macaroni,40
shell pasta,283
shelled pistachios,40
sherry,90
sherry vinegar,33
sherry wine,880
sherry wine vinegar,328
shiitake mushroom caps,64
shiitake mushrooms,552
short rib of beef,66
short-grain rice,116
short-grain white rice,39
shortbread cookies,50
shortcrust pastry,91
shortening,3322
shoulder lamb chops,33
shoyu,49
shrimp,3920
shrimp paste,58
shrimp stock,32
sifted cake flour,32
sifted flour,113
silken tofu,152
simple syrup,187
single cream,88
sirloin,87
sirloin steaks,342
sirloin tip roast,56
sirloin tip steaks,41
skewers,224
skim milk,2250
skim milk powder,60
skirt steaks,140
skor english toffee bits,31
slivered almonds,1378
smoked bacon,229
smoked cheddar cheese,56
smoked gouda cheese,164
smoked ham,239
smoked ham hocks,101
smoked kielbasa,37
smoked mozzarella cheese,55
smoked paprika,585
smoked salmon,421
smoked sausage,507
smoked turkey,84
smoked turkey breast,46
smoked turkey sausage,45
smokies sausages,68
smooth cashew butter,32
smooth peanut butter,326
snap peas,45
snickers candy bars,50
snow pea pods,38
snow peas,559
soba noodles,104
soda crackers,65
soda water,94
sofrito sauce,51
soft breadcrumbs,372
soft brown sugar,149
soft fresh goat cheese,135
soft margarine,46
soft silken tofu,33
soft tofu,93
sole fillets,102
solid pack pumpkin,153
solid shortening,37
solid white tuna,58
solid white tuna packed in water,61
sorghum flour,61
soup,35
sour cherries,63
sour cream,14478
sour milk,123
sour mix,50
sourdough bread,339
sourdough starter,195
southern comfort,104
southwest seasoning,36
soy flour,134
soy margarine,48
soy sauce,11636
soy yogurt,46
soybeans,38
soymilk,778
spaghetti,1430
spaghetti noodles,121
spaghetti sauce,1252
spaghetti squash,207
spaghettini,42
spam,95
spareribs,69
sparkling water,138
sparkling wine,50
special k cereal,34
spelt flour,125
spice cake mix,110
spiced rum,83
spices,128
spicy brown mustard,321
spicy mustard,84
spicy sausage,33
spinach,1780
spinach fettuccine,45
spiral shaped pasta,83
splenda brown sugar blend,158
splenda granular,660
splenda sugar substitute,1051
split peas,123
spring greens,44
spring onions,939
spring roll wrappers,66
sprite,151
squash,143
squid,91
sriracha sauce,179
stale bread,87
star anise,253
star anise pods,32
steak,214
steak fillets,40
steak sauce,510
steak seasoning,158
steamed rice,98
steel cut oats,132
stevia,91
stevia powder,57
stew meat,158
stewed tomatoes,1115
stewing beef,259
stilton cheese,97
stir fry vegetables,77
stir-fry sauce,57
stock,230
stone ground mustard,79
stout beer,49
stove top stuffing mix,124
straw mushrooms,44
strawberries,3051
strawberry,1041
strawberry cake mix,37
strawberry gelatin,181
strawberry ice cream,51
strawberry jam,251
strawberry jell-o gelatin dessert,179
strawberry jelly,40
strawberry preserves,133
strawberry syrup,37
strawberry yogurt,77
streaky bacon,65
string,37
string beans,87
strips bacon,53
strong black coffee,74
strong coffee,239
stuffed green olives,117
stuffed olives,52
stuffing,117
sucanat,45
suet,38
sugar,44986
sugar cookie dough,117
sugar cookie mix,41
sugar cubes,36
sugar pumpkin,50
sugar snap peas,289
sugar substitute,287
sugar syrup,70
sultana,295
sultana raisin,44
sumac,51
summer savory,42
summer squash,273
sun-dried tomatoes,1768
sunflower oil,363
sunflower seeds,827
superfine sugar,387
sushi rice,44
sweet apples,49
sweet basil,129
sweet bell pepper,47
sweet butter,257
sweet cherries,67
sweet chili sauce,317
sweet corn,320
sweet gherkins,60
sweet green pepper,201
sweet hungarian paprika,126
sweet italian sausage,325
sweet italian turkey sausage,33
sweet onion,2024
sweet paprika,543
sweet peas,77
sweet pepper,137
sweet pickle juice,38
sweet pickle relish,403
sweet pickles,88
sweet potato,696
sweet red pepper,878
sweet relish,92
sweet rice flour,51
sweet sour sauce,99
sweet soy sauce,32
sweet vermouth,47
sweet white onion,40
sweet-and-sour mix,94
sweetened coconut,168
sweetened condensed milk,2179
sweetened flaked coconut,527
sweetened whipped cream,147
swiss chard,229
swiss cheese,2483
swordfish steaks,72
syrup,184
szechuan peppercorns,60
szechwan pepper,40
tabasco jalapeno sauce,39
tabasco sauce,2188
table cream,56
taco sauce,246
taco seasoning,926
taco seasoning mix,859
taco shells,135
tagliatelle pasta noodles,51
tahini,584
tahini paste,45
tamari,321
tamari soy sauce,136
tamarind juice,41
tamarind paste,171
tamarind pulp,70
tangerine juice,45
tangerines,80
tap water,59
tapenade,33
tapioca,245
tapioca flour,171
tapioca starch,108
tarragon,444
tarragon leaf,40
tarragon vinegar,149
tart apples,509
tart cherries,33
tart cooking apples,31
tart green apples,57
tart shells,35
tartar sauce,55
tasty cheese,200
tater tots,84
tea,164
tea bags,276
tea leaves,37
tempeh,88
tequila,696
teriyaki marinade,57
teriyaki sauce,606
texas toast thick bread,48
textured vegetable protein,92
thai basil,122
thai chiles,68
thai fish sauce,97
thai red curry paste,120
thai sweet chili sauce,97
thick chunky salsa,89
thick cut pork chops,34
thick slab bacon,58
thick-cut bacon,43
thickened cream,95
thousand island dressing,204
thyme,3021
thyme leaves,293
tia maria,41
tiger shrimp,43
tilapia fillets,537
tiny new potatoes,85
toast,106
toasted almond,361
toasted hazelnuts,64
toasted pecans,47
toasted pine nuts,37
toasted sesame oil,440
toasted sesame seeds,558
toasted wheat germ,91
toffee pieces,178
tofu,270
tomatillo salsa,38
tomatillos,336
tomato,513
tomato basil pasta sauce,49
tomato juice,792
tomato ketchup,188
tomato paste,5055
tomato puree,806
tomato sauce,5458
tomato soup,611
tomatoes green chilies,313
tomatoes with garlic,40
tomatoes with juice,215
tonic water,37
tony chachere's seasoning,37
toothpicks,276
top round beef,41
top round steaks,75
top sirloin steaks,107
tortellini,79
tortilla chips,935
tortillas,531
traditional mashed potatoes,80
tri-color spiral pasta,63
triple sec,417
trout,59
trout fillets,51
truffle oil,41
tuna,895
tuna fish,43
tuna in olive oil,44
tuna in vegetable oil,48
tuna in water,294
tuna steaks,179
turbinado sugar,162
turkey,390
turkey bacon,179
turkey breast,299
turkey breast tenderloins,38
turkey broth,76
turkey carcass,55
turkey cutlets,40
turkey gravy,69
turkey kielbasa,55
turkey legs,32
turkey meat,40
turkey pepperoni,53
turkey sausage,84
turkey stock,35
turmeric,1869
turmeric powder,452
turnips,405
tzatziki,40
udon noodles,70
unbaked 9-inch deep dish pie pastry,31
unbaked 9-inch pie crust,52
unbaked pastry shells,42
unbaked pie crust,50
unbaked pie shell,273
unbleached all-purpose flour,781
unbleached bread flour,34
unbleached cane sugar,90
unbleached flour,490
unbleached white flour,196
unflavored gelatin,550
unpopped popcorn,37
unseasoned breadcrumbs,94
unsifted all-purpose flour,70
unsifted flour,95
unsulphured molasses,58
urad dal,42
v8 vegetable juice,110
vanilla,13375
vanilla baking chips,38
vanilla bean,474
vanilla bean paste,32
vanilla chips,66
vanilla essence,468
vanilla extract,13974
vanilla flavor pudding pie filling mix,91
vanilla flavoring,97
vanilla ice cream,1265
vanilla pod,48
vanilla powder,36
vanilla protein powder,66
vanilla pudding,498
vanilla pudding mix,810
vanilla sugar,171
vanilla vodka,177
vanilla wafer cookies,55
vanilla wafer crumbs,78
vanilla wafers,306
vanilla yogurt,551
vanilla-flavored soymilk,90
vanilla-flavored syrup,42
veal,69
veal cutlets,63
veal stock,33
vegan butter,32
vegan margarine,108
vegemite,46
vegetable bouillon,271
vegetable broth,1881
vegetable juice,109
vegetable oil,18035
vegetable oil cooking spray,452
vegetable oil for frying,117
vegetable shortening,676
vegetable soup,31
vegetable soup mix,45
vegetable stock,1434
vegetables,430
veggsie burgers,34
veggsie crumbles,32
velveeta cheese,869
velveeta cheese product,52
velveeta mexican cheese,39
venison,83
venison steak,40
vermicelli,174
vermouth,78
vidalia onion,578
vinaigrette,79
vinaigrette dressing,89
vinegar,3611
virgin olive oil,195
vital wheat gluten,154
vodka,1324
walnut halves,244
walnut oil,174
walnut pieces,241
walnuts,6728
wasabi,67
wasabi paste,104
wasabi powder,118
water,47264
water as needed,64
water chestnuts,1123
water-packed artichoke hearts,93
watercress,221
watercress leaf,32
watermelon,265
wax beans,50
wesson oil,35
wheat,67
wheat berries,68
wheat bran,244
wheat bread,50
wheat chex,50
wheat flour,667
wheat flour tortillas,38
wheat germ,648
wheat pastry flour,36
whipped cream,1548
whipped topping,704
whipping cream,3237
whiskey,267
white balsamic vinegar,143
white beans,415
white bread,1161
white bread flour,188
white breadcrumbs,56
white button mushrooms,178
white cabbage,52
white cake mix,440
white cheddar cheese,228
white cheese,38
white chicken meat,66
white chocolate,548
white chocolate baking squares,86
white chocolate chips,775
white corn,108
white corn syrup,134
white corn tortillas,37
white cornmeal,57
white creme de cacao,68
white fish fillets,277
white flour,577
white frosting,38
white grape juice,79
white hominy,78
white horseradish,38
white karo,42
white kidney beans,115
white miso,46
white mushrooms,406
white onion,1947
white pearl onions,196
white pepper,2943
white peppercorns,74
white potato,42
white raisins,36
white rice,957
white rum,198
white sauce,40
white sesame seeds,55
white shoepeg corn,81
white sugar,10690
white truffle oil,34
white vinegar,2529
white whole wheat flour,115
white wine,3387
white wine vinegar,1575
whole allspice,130
whole almond,197
whole berry cranberry sauce,295
whole black peppercorn,222
whole cardamom pods,32
whole chicken breasts,131
whole chickens,596
whole cloves,736
whole coriander seed,50
whole cumin seed,76
whole grain bread,101
whole grain buns,34
whole grain dijon mustard,36
whole grain mustard,231
whole green chilies,85
whole kernel corn,769
whole milk,1941
whole milk ricotta cheese,100
whole mushrooms,93
whole pecans,43
whole tomatoes,685
whole turkey,103
whole wheat bread,513
whole wheat bread crumbs,107
whole wheat couscous,37
